date,raw_sell,factor,gold_price,buy_usd
2015-01-12,122624000.0,100000.0,1226.24,1225.64
2015-01-13,122624000.0,100000.0,1226.24,1225.64
2015-01-14,122624000.0,100000.0,1226.24,1225.64
2015-01-15,122897000.0,100000.0,1228.97,1228.37
2015-01-16,126161000.0,100000.0,1261.61,1261.01
2015-01-19,127697000.0,100000.0,1276.97,1276.37
2015-01-20,127688000.0,100000.0,1276.88,1276.28
2015-01-21,129396000.0,100000.0,1293.96,1293.36
2015-01-22,129279000.0,100000.0,1292.79,1292.19
2015-01-23,130045000.0,100000.0,1300.45,1299.85
2015-01-26,129471000.0,100000.0,1294.71,1294.11
2015-01-27,127705000.0,100000.0,1277.05,1276.45
2015-01-28,129057000.0,100000.0,1290.57,1289.97
2015-01-29,127927000.0,100000.0,1279.27,1278.67
2015-01-30,125983000.0,100000.0,1259.83,1259.23
2015-02-02,128058000.0,100000.0,1280.58,1279.98
2015-02-03,127509000.0,100000.0,1275.09,1274.49
2015-02-04,126123000.0,100000.0,1261.23,1260.63
2015-02-05,127238000.0,100000.0,1272.38,1271.78
2015-02-06,126415000.0,100000.0,1264.15,1263.55
2015-02-09,123916000.0,100000.0,1239.16,1238.66
2015-02-10,124182000.0,100000.0,1241.82,1241.32
2015-02-11,123685000.0,100000.0,1236.85,1236.35
2015-02-12,122318000.0,100000.0,1223.18,1222.68
2015-02-13,122546000.0,100000.0,1225.46,1224.96
2015-02-24,120357000.0,100000.0,1203.57,1203.07
2015-02-25,12097000.0,10000.0,1209.7,12092.0
2015-02-26,120593000.0,100000.0,1205.93,1205.43
2015-02-27,12101000.0,10000.0,1210.1,12096.0
2015-02-28,12114000.0,10000.0,1211.4,12109.0
2015-03-02,121577000.0,100000.0,1215.77,1215.27
2015-03-03,120587000.0,100000.0,1205.87,1205.37
2015-03-04,120682000.0,100000.0,1206.82,1206.32
2015-03-05,120332000.0,100000.0,1203.32,1202.82
2015-03-06,119892000.0,100000.0,1198.92,1198.42
2015-03-09,116984000.0,100000.0,1169.84,1169.34
2015-03-10,116698000.0,100000.0,1166.98,1166.48
2015-03-11,116477000.0,100000.0,1164.77,1164.27
2015-03-12,11523000.0,10000.0,1152.3,11518.0
2015-03-16,115545000.0,100000.0,1155.45,1154.95
2015-03-17,115314000.0,100000.0,1153.14,1152.64
2015-03-18,115272000.0,100000.0,1152.72,1152.22
2015-03-19,1174000.0,1000.0,1174.0,117350.0
2015-03-20,117329000.0,100000.0,1173.29,1172.79
2015-03-21,118272000.0,100000.0,1182.72,1182.22
2015-03-23,118453000.0,100000.0,1184.53,1184.03
2015-03-24,1188000.0,1000.0,1188.0,118750.0
2015-03-25,118945000.0,100000.0,1189.45,1188.95
2015-03-26,119736000.0,100000.0,1197.36,1196.86
2015-03-27,120453000.0,100000.0,1204.53,1204.03
2015-03-28,119885000.0,100000.0,1198.85,1198.35
2015-03-30,119674000.0,100000.0,1196.74,1196.24
2015-03-31,118552000.0,100000.0,1185.52,1185.02
2015-04-01,118658000.0,100000.0,1186.58,1186.08
2015-04-02,120227000.0,100000.0,1202.27,1201.77
2015-04-03,120215000.0,100000.0,1202.15,1201.65
2015-04-04,120215000.0,100000.0,1202.15,1201.65
2015-04-06,121705000.0,100000.0,1217.05,1216.55
2015-04-07,121359000.0,100000.0,1213.59,1213.09
2015-04-08,121011000.0,100000.0,1210.11,1209.61
2015-04-09,119812000.0,100000.0,1198.12,1197.62
2015-04-10,11948000.0,10000.0,1194.8,11943.0
2015-04-11,120881000.0,100000.0,1208.81,1208.31
2015-04-13,120894000.0,100000.0,1208.94,1208.44
2015-04-14,120072000.0,100000.0,1200.72,1200.22
2015-04-15,119496000.0,100000.0,1194.96,1194.46
2015-04-16,120677000.0,100000.0,1206.77,1206.27
2015-04-17,119874000.0,100000.0,1198.74,1198.24
2015-04-20,120551000.0,100000.0,1205.51,1205.01
2015-04-21,119458000.0,100000.0,1194.58,1194.08
2015-04-22,120101000.0,100000.0,1201.01,1200.51
2015-04-23,118746000.0,100000.0,1187.46,1186.96
2015-04-24,119328000.0,100000.0,1193.28,1192.78
2015-04-25,117871000.0,100000.0,1178.71,1178.21
2015-04-27,118019000.0,100000.0,1180.19,1179.69
2015-05-03,117869000.0,100000.0,1178.69,1178.19
2015-05-04,118275000.0,100000.0,1182.75,1182.25
2015-05-05,118847000.0,100000.0,1188.47,1187.97
2015-05-06,119481000.0,100000.0,1194.81,1194.31
2015-05-07,118982000.0,100000.0,1189.82,1189.32
2015-05-08,11827000.0,10000.0,1182.7,11822.0
2015-05-09,118879000.0,100000.0,1188.79,1188.29
2015-05-11,118954000.0,100000.0,1189.54,1189.04
2015-05-12,118428000.0,100000.0,1184.28,1183.78
2015-05-13,119195000.0,100000.0,1191.95,1191.45
2015-05-14,12132000.0,10000.0,1213.2,12127.0
2015-05-15,12206000.0,10000.0,1220.6,12201.0
2015-05-16,122536000.0,100000.0,1225.36,1224.86
2015-05-19,12245000.0,10000.0,1224.5,12240.0
2015-05-20,120931000.0,100000.0,1209.31,1208.81
2015-05-21,121128000.0,100000.0,1211.28,1210.78
2015-05-22,120621000.0,100000.0,1206.21,1205.71
2015-05-23,120565000.0,100000.0,1205.65,1205.15
2015-05-25,120354000.0,100000.0,1203.54,1203.04
2015-05-26,120525000.0,100000.0,1205.25,1204.75
2015-05-27,118779000.0,100000.0,1187.79,1187.29
2015-05-28,118767000.0,100000.0,1187.67,1187.17
2015-05-29,118968000.0,100000.0,1189.68,1189.18
2015-05-31,119004000.0,100000.0,1190.04,1189.54
2015-06-01,119057000.0,100000.0,1190.57,1190.07
2015-06-02,118842000.0,100000.0,1188.42,1187.92
2015-06-03,119388000.0,100000.0,1193.88,1193.38
2015-06-04,118608000.0,100000.0,1186.08,1185.58
2015-06-05,117788000.0,100000.0,1177.88,1177.38
2015-06-06,117117000.0,100000.0,1171.17,1170.67
2015-06-07,117117000.0,100000.0,1171.17,1170.67
2015-06-08,117663000.0,100000.0,1176.63,1176.13
2015-06-09,117459000.0,100000.0,1174.59,1174.09
2015-06-10,117803000.0,100000.0,1178.03,1177.53
2015-06-11,118622000.0,100000.0,1186.22,1185.72
2015-06-12,118258000.0,100000.0,1182.58,1182.08
2015-06-13,11814000.0,10000.0,1181.4,11809.0
2015-06-15,118153000.0,100000.0,1181.53,1181.03
2015-06-16,118641000.0,100000.0,1186.41,1185.91
2015-06-17,118138000.0,100000.0,1181.38,1180.88
2015-06-18,118593000.0,100000.0,1185.93,1185.43
2015-06-19,120101000.0,100000.0,1201.01,1200.51
2015-06-20,120111000.0,100000.0,1201.11,1200.61
2015-06-21,120111000.0,100000.0,1201.11,1200.61
2015-06-22,119406000.0,100000.0,1194.06,1193.56
2015-06-23,118746000.0,100000.0,1187.46,1186.96
2015-06-24,117896000.0,100000.0,1178.96,1178.46
2015-06-25,117595000.0,100000.0,1175.95,1175.45
2015-06-26,117462000.0,100000.0,1174.62,1174.12
2015-06-28,117445000.0,100000.0,1174.45,1173.95
2015-06-29,117445000.0,100000.0,1174.45,1173.95
2015-06-30,118066000.0,100000.0,1180.66,1180.16
2015-07-01,117457000.0,100000.0,1174.57,1174.07
2015-07-02,116845000.0,100000.0,1168.45,1167.95
2015-07-03,116688000.0,100000.0,1166.88,1166.38
2015-07-04,116912000.0,100000.0,1169.12,1168.62
2015-07-05,116912000.0,100000.0,1169.12,1168.62
2015-07-06,117207000.0,100000.0,1172.07,1171.57
2015-07-07,116909000.0,100000.0,1169.09,1168.59
2015-07-08,115535000.0,100000.0,1155.35,1154.85
2015-07-09,115749000.0,100000.0,1157.49,1156.99
2015-07-10,116001000.0,100000.0,1160.01,1159.51
2015-07-11,116318000.0,100000.0,1163.18,1162.68
2015-07-13,116276000.0,100000.0,1162.76,1162.26
2015-07-14,115641000.0,100000.0,1156.41,1155.91
2015-07-15,115635000.0,100000.0,1156.35,1155.85
2015-07-16,11487000.0,10000.0,1148.7,11482.0
2015-07-17,114453000.0,100000.0,1144.53,1144.03
2015-07-18,113417000.0,100000.0,1134.17,1133.67
2015-07-19,113417000.0,100000.0,1134.17,1133.67
2015-07-20,113257000.0,100000.0,1132.57,1132.07
2015-07-21,110123000.0,100000.0,1101.23,1100.73
2015-07-22,110124000.0,100000.0,1101.24,1100.74
2015-07-23,109602000.0,100000.0,1096.02,1095.52
2015-07-24,109026000.0,100000.0,1090.26,1089.76
2015-07-25,109602000.0,100000.0,1096.02,1095.52
2015-07-26,109904000.0,100000.0,1099.04,1098.54
2015-07-27,10965000.0,10000.0,1096.5,10960.0
2015-07-28,109426000.0,100000.0,1094.26,1093.76
2015-07-29,109577000.0,100000.0,1095.77,1095.27
2015-07-30,109822000.0,100000.0,1098.22,1097.72
2015-07-31,108907000.0,100000.0,1089.07,1088.57
2015-08-01,10954000.0,10000.0,1095.4,10949.0
2015-08-02,10954000.0,10000.0,1095.4,10949.0
2015-08-03,109336000.0,100000.0,1093.36,1092.86
2015-08-04,108406000.0,100000.0,1084.06,1083.56
2015-08-05,108687000.0,100000.0,1086.87,1086.37
2015-08-06,108428000.0,100000.0,1084.28,1083.78
2015-08-07,109022000.0,100000.0,1090.22,1089.72
2015-08-08,109244000.0,100000.0,1092.44,1091.94
2015-08-09,109244000.0,100000.0,1092.44,1091.94
2015-08-10,109117000.0,100000.0,1091.17,1090.67
2015-08-11,110561000.0,100000.0,1105.61,1105.11
2015-08-12,110972000.0,100000.0,1109.72,1109.22
2015-08-13,112439000.0,100000.0,1124.39,1123.89
2015-08-14,111475000.0,100000.0,1114.75,1114.25
2015-08-15,111475000.0,100000.0,1114.75,1114.25
2015-08-16,111475000.0,100000.0,1114.75,1114.25
2015-08-17,111475000.0,100000.0,1114.75,1114.25
2015-08-18,111475000.0,100000.0,1114.75,1114.25
2015-08-19,111475000.0,100000.0,1114.75,1114.25
2015-08-20,11348000.0,10000.0,1134.8,11343.0
2015-08-21,115933000.0,100000.0,1159.33,1158.83
2015-08-22,115992000.0,100000.0,1159.92,1159.42
2015-08-24,115969000.0,100000.0,1159.69,1159.19
2015-08-25,11555000.0,10000.0,1155.5,11550.0
2015-08-26,114198000.0,100000.0,1141.98,1141.48
2015-08-27,112497000.0,100000.0,1124.97,1124.47
2015-08-28,112838000.0,100000.0,1128.38,1127.88
2015-08-29,113474000.0,100000.0,1134.74,1134.24
2015-08-30,113474000.0,100000.0,1134.74,1134.24
2015-08-31,113285000.0,100000.0,1132.85,1132.35
2015-09-01,113894000.0,100000.0,1138.94,1138.43
2015-09-02,113921000.0,100000.0,1139.21,1138.71
2015-09-03,113299000.0,100000.0,1132.99,1132.49
2015-09-04,112419000.0,100000.0,1124.19,1123.69
2015-09-05,112245000.0,100000.0,1122.45,1121.95
2015-09-07,112209000.0,100000.0,1122.09,1121.59
2015-09-08,112094000.0,100000.0,1120.94,1120.44
2015-09-09,112367000.0,100000.0,1123.67,1123.17
2015-09-10,110552000.0,100000.0,1105.52,1105.07
2015-09-11,111211000.0,100000.0,1112.11,1111.66
2015-09-12,110801000.0,100000.0,1108.01,1107.56
2015-09-14,110653000.0,100000.0,1106.53,1106.08
2015-09-15,110869000.0,100000.0,1108.69,1108.24
2015-09-16,110474000.0,100000.0,1104.74,1104.29
2015-09-17,112097000.0,100000.0,1120.97,1120.52
2015-09-18,113192000.0,100000.0,1131.92,1131.47
2015-09-19,113886000.0,100000.0,1138.86,1138.41
2015-09-21,113858000.0,100000.0,1138.58,1138.13
2015-09-22,113483000.0,100000.0,1134.83,1134.38
2015-09-23,112502000.0,100000.0,1125.02,1124.52
2015-09-24,11329000.0,10000.0,1132.9,11324.0
2015-09-25,115074000.0,100000.0,1150.74,1150.24
2015-09-26,114678000.0,100000.0,1146.78,1146.28
2015-09-28,114595000.0,100000.0,1145.95,1145.45
2015-09-29,11334000.0,10000.0,1133.4,11329.0
2015-09-30,112578000.0,100000.0,1125.78,1125.28
2015-10-01,111536000.0,100000.0,1115.36,1114.86
2015-10-02,111304000.0,100000.0,1113.04,1112.54
2015-10-05,113729000.0,100000.0,1137.29,1136.79
2015-10-06,113665000.0,100000.0,1136.65,1136.15
2015-10-07,114856000.0,100000.0,1148.56,1148.06
2015-10-08,114401000.0,100000.0,1144.01,1143.51
2015-10-09,114215000.0,100000.0,1142.15,1141.65
2015-10-12,11577000.0,10000.0,1157.7,11572.0
2015-10-13,115847000.0,100000.0,1158.47,1157.97
2015-10-14,117218000.0,100000.0,1172.18,1171.68
2015-10-15,118463000.0,100000.0,1184.63,1184.13
2015-10-16,118304000.0,100000.0,1183.04,1182.54
2015-10-17,117553000.0,100000.0,1175.53,1175.03
2015-10-19,117315000.0,100000.0,1173.15,1172.65
2015-10-20,117012000.0,100000.0,1170.12,1169.62
2015-10-21,117813000.0,100000.0,1178.13,1177.63
2015-10-22,116671000.0,100000.0,1166.71,1166.21
2015-10-23,116732000.0,100000.0,1167.32,1166.82
2015-10-24,116489000.0,100000.0,1164.89,1164.39
2015-10-26,116429000.0,100000.0,1164.29,1163.79
2015-10-27,11646000.0,10000.0,1164.6,11641.0
2015-10-28,116687000.0,100000.0,1166.87,1166.37
2015-10-29,116115000.0,100000.0,1161.15,1160.65
2015-10-30,114745000.0,100000.0,1147.45,1146.95
2015-10-31,114226000.0,100000.0,1142.26,1141.76
2015-11-02,113791000.0,100000.0,1137.91,1137.36
2015-11-03,113551000.0,100000.0,1135.51,1135.01
2015-11-04,112276000.0,100000.0,1122.76,1122.26
2015-11-05,110993000.0,100000.0,1109.93,1109.43
2015-11-06,110818000.0,100000.0,1108.18,1107.68
2015-11-07,108803000.0,100000.0,1088.03,1087.53
2015-11-09,109408000.0,100000.0,1094.08,1093.58
2015-11-10,109234000.0,100000.0,1092.34,1091.84
2015-11-11,109021000.0,100000.0,1090.21,1090.18
2015-11-12,108836000.0,100000.0,1088.36,1087.86
2015-11-13,108132000.0,100000.0,1081.32,1080.82
2015-11-14,108229000.0,100000.0,1082.29,1081.79
2015-11-16,109162000.0,100000.0,1091.62,1091.12
2015-11-17,108314000.0,100000.0,1083.14,1082.64
2015-11-18,10669000.0,10000.0,1066.9,10664.0
2015-11-19,107528000.0,100000.0,1075.28,1074.78
2015-11-20,108163000.0,100000.0,1081.63,1081.13
2015-11-21,107741000.0,100000.0,1077.41,1076.91
2015-11-23,107502000.0,100000.0,1075.02,1074.52
2015-11-24,107123000.0,100000.0,1071.23,1070.73
2015-11-25,107713000.0,100000.0,1077.13,1076.63
2015-11-26,107112000.0,100000.0,1071.12,1070.62
2015-11-27,107129000.0,100000.0,1071.29,1070.79
2015-11-28,105896000.0,100000.0,1058.96,1058.46
2015-11-30,105532000.0,100000.0,1055.32,1054.82
2015-12-01,106644000.0,100000.0,1066.44,1065.94
2015-12-02,106957000.0,100000.0,1069.57,1069.07
2015-12-03,105062000.0,100000.0,1050.62,1050.12
2015-12-04,10628000.0,10000.0,1062.8,10623.0
2015-12-05,108704000.0,100000.0,1087.04,1086.54
2015-12-07,108567000.0,100000.0,1085.67,1085.17
2015-12-08,107068000.0,100000.0,1070.68,1070.18
2015-12-09,107747000.0,100000.0,1077.47,1076.97
2015-12-10,107469000.0,100000.0,1074.69,1074.19
2015-12-11,106733000.0,100000.0,1067.33,1066.83
2015-12-12,107758000.0,100000.0,1077.58,1077.08
2015-12-14,107319000.0,100000.0,1073.19,1072.69
2015-12-15,106499000.0,100000.0,1064.99,1064.49
2015-12-16,106452000.0,100000.0,1064.52,1064.02
2015-12-17,107112000.0,100000.0,1071.12,1070.62
2015-12-18,105422000.0,100000.0,1054.22,1053.72
2015-12-19,106657000.0,100000.0,1066.57,1066.07
2015-12-21,106812000.0,100000.0,1068.12,1067.62
2015-12-22,108003000.0,100000.0,1080.03,1079.53
2015-12-23,107399000.0,100000.0,1073.99,1073.49
2015-12-24,107167000.0,100000.0,1071.67,1071.17
2015-12-25,107705000.0,100000.0,1077.05,1076.55
2015-12-26,107705000.0,100000.0,1077.05,1076.55
2015-12-28,107356000.0,100000.0,1073.56,1073.06
2015-12-29,107073000.0,100000.0,1070.73,1070.23
2015-12-30,107061000.0,100000.0,1070.61,1070.11
2015-12-31,106216000.0,100000.0,1062.16,1061.66
2016-01-01,106234000.0,100000.0,1062.34,1061.84
2016-01-02,106234000.0,100000.0,1062.34,1061.84
2016-01-04,106273000.0,100000.0,1062.73,1062.23
2016-01-05,107627000.0,100000.0,1076.27,1075.77
2016-01-06,107605000.0,100000.0,1076.05,1075.55
2016-01-07,109507000.0,100000.0,1095.07,1094.87
2016-01-08,11048000.0,10000.0,1104.8,11043.0
2016-01-11,110675000.0,100000.0,1106.75,1106.25
2016-01-12,109419000.0,100000.0,1094.19,1093.69
2016-01-13,108652000.0,100000.0,1086.52,1086.02
2016-01-14,109323000.0,100000.0,1093.23,1092.73
2016-01-15,107707000.0,100000.0,1077.07,1076.57
2016-01-18,109251000.0,100000.0,1092.51,1092.01
2016-01-19,108641000.0,100000.0,1086.41,1085.91
2016-01-20,109163000.0,100000.0,1091.63,1091.13
2016-01-21,110083000.0,100000.0,1100.83,1100.33
2016-01-22,109868000.0,100000.0,1098.68,1098.18
2016-01-25,109993000.0,100000.0,1099.93,1099.43
2016-01-26,110969000.0,100000.0,1109.69,1109.19
2016-01-27,111967000.0,100000.0,1119.67,1119.17
2016-01-28,112074000.0,100000.0,1120.74,1120.24
2016-01-29,11165000.0,10000.0,1116.5,11160.0
2016-02-01,111986000.0,100000.0,1119.86,1119.36
2016-02-02,112825000.0,100000.0,1128.25,1127.75
2016-02-03,112743000.0,100000.0,1127.43,1126.93
2016-02-04,114307000.0,100000.0,1143.07,1142.57
2016-02-05,11564000.0,10000.0,1156.4,11559.0
2016-02-15,122248000.0,100000.0,1222.48,1221.98
2016-02-16,120458000.0,100000.0,1204.58,1204.08
2016-02-17,1202000.0,1000.0,1202.0,120150.0
2016-02-18,12091000.0,10000.0,1209.1,12086.0
2016-02-19,122727000.0,100000.0,1227.27,1226.77
2016-02-22,122502000.0,100000.0,1225.02,1224.52
2016-02-23,121161000.0,100000.0,1211.61,1211.11
2016-02-24,122647000.0,100000.0,1226.47,1225.97
2016-02-25,123308000.0,100000.0,1233.08,1232.58
2016-02-26,123725000.0,100000.0,1237.25,1236.75
2016-04-11,124976000.0,100000.0,1249.76,1249.26
2016-04-12,12558000.0,10000.0,1255.8,12553.0
2016-04-13,125495000.0,100000.0,1254.95,1254.45
2016-04-14,123404000.0,100000.0,1234.04,1233.54
2016-04-15,12271000.0,10000.0,1227.1,12266.0
2016-04-16,123432000.0,100000.0,1234.32,1233.82
2016-04-19,123108000.0,100000.0,1231.08,1230.58
2016-04-20,125505000.0,100000.0,1255.05,1254.55
2016-04-21,124856000.0,100000.0,1248.56,1248.06
2016-04-22,124734000.0,100000.0,1247.34,1246.84
2016-04-23,123395000.0,100000.0,1233.95,1233.45
2016-04-25,123312000.0,100000.0,1233.12,1232.62
2016-04-26,123921000.0,100000.0,1239.21,1238.71
2016-04-27,124611000.0,100000.0,1246.11,1245.61
2016-04-28,124214000.0,100000.0,1242.14,1241.64
2016-04-29,126896000.0,100000.0,1268.96,1268.46
2016-04-30,129352000.0,100000.0,1293.52,1293.02
2016-05-04,128371000.0,100000.0,1283.71,1283.21
2016-05-05,127881000.0,100000.0,1278.81,1278.31
2016-05-06,127968000.0,100000.0,1279.68,1279.18
2016-05-07,128942000.0,100000.0,1289.42,1288.92
2016-05-09,128661000.0,100000.0,1286.61,1286.11
2016-05-10,126362000.0,100000.0,1263.62,1263.12
2016-05-11,126968000.0,100000.0,1269.68,1269.18
2016-05-12,127701000.0,100000.0,1277.01,1276.51
2016-05-13,126736000.0,100000.0,1267.36,1266.86
2016-05-16,127369000.0,100000.0,1273.69,1273.19
2016-05-17,1277000.0,1000.0,1277.0,127650.0
2016-05-18,128011000.0,100000.0,1280.11,1279.61
2016-05-19,125846000.0,100000.0,1258.46,1257.96
2016-05-20,125623000.0,100000.0,1256.23,1255.5
2016-05-23,125524000.0,100000.0,1255.24,1254.74
2016-05-24,124883000.0,100000.0,1248.83,124.83
2016-05-25,122967000.0,100000.0,1229.67,1229.17
2016-05-26,123354000.0,100000.0,1233.54,1233.04
2016-05-27,122052000.0,100000.0,1220.52,1220.02
2016-05-30,12035000.0,10000.0,1203.5,12030.0
2016-05-31,121282000.0,100000.0,1212.82,1212.32
2016-06-01,121906000.0,100000.0,1219.06,1218.56
2016-06-02,121511000.0,100000.0,1215.11,1214.61
2016-06-04,124441000.0,100000.0,1244.41,1243.91
2016-06-06,124402000.0,100000.0,1244.02,1243.52
2016-06-07,124472000.0,100000.0,1244.72,1244.22
2016-06-08,124495000.0,100000.0,1244.95,1244.45
2016-06-09,126269000.0,100000.0,1262.69,1262.19
2016-06-10,126651000.0,100000.0,1266.51,1266.01
2016-06-13,127468000.0,100000.0,1274.68,1274.18
2016-06-14,128203000.0,100000.0,1282.03,1281.53
2016-06-15,128419000.0,100000.0,1284.19,1283.69
2016-06-16,129804000.0,100000.0,1298.04,1297.54
2016-06-17,128098000.0,100000.0,1280.98,1280.48
2016-06-20,12864000.0,10000.0,1286.4,12859.0
2016-06-21,126983000.0,100000.0,1269.83,1269.33
2016-06-22,126983000.0,100000.0,1269.83,1269.33
2016-06-23,126518000.0,100000.0,1265.18,1264.68
2016-06-27,132972000.0,100000.0,1329.72,1329.22
2016-06-28,132212000.0,100000.0,1322.12,1321.62
2016-06-29,132016000.0,100000.0,1320.16,1319.66
2016-07-01,132763000.0,100000.0,1327.63,1327.13
2016-07-04,134938000.0,100000.0,1349.38,1348.88
2016-07-05,134338000.0,100000.0,1343.38,1342.88
2016-07-06,136824000.0,100000.0,1368.24,1367.74
2016-07-07,136821000.0,100000.0,1368.21,1367.71
2016-07-08,135594000.0,100000.0,1355.94,1355.44
2016-07-11,136886000.0,100000.0,1368.86,1368.36
2016-07-12,135446000.0,100000.0,1354.46,1353.96
2016-07-13,133121000.0,100000.0,1331.21,1330.71
2016-07-14,134518000.0,100000.0,1345.18,1344.68
2016-07-15,13306000.0,10000.0,1330.6,13301.0
2016-07-18,132606000.0,100000.0,1326.06,1325.56
2016-07-19,132883000.0,100000.0,1328.83,1328.33
2016-07-20,133193000.0,100000.0,1331.93,1331.43
2016-07-21,131534000.0,100000.0,1315.34,1314.84
2016-07-22,133130000.0,100000.0,1331.3,1330.8
2016-07-25,131654000.0,100000.0,1316.54,1316.04
2016-07-26,132043000.0,100000.0,1320.43,1319.93
2016-07-27,131796000.0,100000.0,1317.96,1317.46
2016-07-28,133746000.0,100000.0,1337.46,1336.96
2016-07-29,133941000.0,100000.0,1339.41,1338.91
2016-08-01,13495000.0,10000.0,1349.5,13490.0
2016-08-02,135001000.0,100000.0,1350.01,1349.51
2016-08-03,136384000.0,100000.0,1363.84,1363.34
2016-08-04,135864000.0,100000.0,1358.64,1358.14
2016-08-05,136080000.0,100000.0,1360.8,1360.3
2016-08-08,133662000.0,100000.0,1336.62,1336.12
2016-08-09,133491000.0,100000.0,1334.91,1334.41
2016-08-10,134641000.0,100000.0,1346.41,1345.91
2016-08-11,134398000.0,100000.0,1343.98,1343.48
2016-08-12,134037000.0,100000.0,1340.37,1339.87
2016-08-15,133793000.0,100000.0,1337.93,1337.43
2016-08-16,134453000.0,100000.0,1344.53,1344.03
2016-08-17,134673000.0,100000.0,1346.73,1346.23
2016-08-18,135471000.0,100000.0,1354.71,1354.21
2016-08-19,134806000.0,100000.0,1348.06,1347.56
2016-08-22,133565000.0,100000.0,1335.65,1335.15
2016-08-23,133896000.0,100000.0,1338.96,1338.46
2016-08-24,13397000.0,10000.0,1339.7,13392.0
2016-08-25,132487000.0,100000.0,1324.87,1324.37
2016-08-26,132443000.0,100000.0,1324.43,1323.93
2016-08-29,131723000.0,100000.0,1317.23,1316.73
2016-08-30,132339000.0,100000.0,1323.39,1322.89
2016-08-31,131493000.0,100000.0,1314.93,1314.43
2016-09-01,131058000.0,100000.0,1310.58,1310.08
2016-09-05,132341000.0,100000.0,1323.41,1322.91
2016-09-06,132719000.0,100000.0,1327.19,1326.69
2016-09-07,134937000.0,100000.0,1349.37,1348.87
2016-09-08,13466000.0,10000.0,1346.6,13461.0
2016-09-09,133867000.0,100000.0,1338.67,1338.17
2016-09-12,13262000.0,10000.0,1326.2,13257.0
2016-09-13,132969000.0,100000.0,1329.69,1329.19
2016-09-14,131741000.0,100000.0,1317.41,1316.91
2016-09-15,132375000.0,100000.0,1323.75,1323.25
2016-09-16,131541000.0,100000.0,1315.41,1314.91
2016-09-19,131492000.0,100000.0,1314.92,1314.42
2016-09-20,131556000.0,100000.0,1315.56,1315.06
2016-09-21,131501000.0,100000.0,1315.01,1314.51
2016-09-22,133309000.0,100000.0,1333.09,1332.59
2016-09-23,133535000.0,100000.0,1335.35,1334.85
2016-09-26,133784000.0,100000.0,1337.84,1337.34
2016-09-27,133549000.0,100000.0,1335.49,1334.99
2016-09-28,132658000.0,100000.0,1326.58,1326.08
2016-09-29,13238000.0,10000.0,1323.8,13233.0
2016-09-30,132395000.0,100000.0,1323.95,1323.45
2016-10-03,131921000.0,100000.0,1319.21,1318.71
2016-10-04,13113000.0,10000.0,1311.3,13108.0
2016-10-05,127266000.0,100000.0,1272.66,1272.16
2016-10-06,126787000.0,100000.0,1267.87,1267.37
2016-10-07,125858000.0,100000.0,1258.58,1258.08
2016-10-10,126141000.0,100000.0,1261.41,1260.91
2016-10-11,125824000.0,100000.0,1258.24,1257.74
2016-10-12,12556000.0,10000.0,1255.6,12551.0
2016-10-13,125586000.0,100000.0,1255.86,1255.36
2016-10-14,125793000.0,100000.0,1257.93,1257.43
2016-10-17,125308000.0,100000.0,1253.08,1252.58
2016-10-18,125801000.0,100000.0,1258.01,1257.51
2016-10-19,126413000.0,100000.0,1264.13,1263.63
2016-10-20,12708000.0,10000.0,1270.8,12703.0
2016-10-21,126509000.0,100000.0,1265.09,1264.59
2016-10-24,126422000.0,100000.0,1264.22,1263.72
2016-10-25,126474000.0,100000.0,1264.74,1264.24
2016-10-26,127476000.0,100000.0,1274.76,1274.26
2016-10-27,126659000.0,100000.0,1266.59,1266.09
2016-10-28,126986000.0,100000.0,1269.86,1269.36
2016-10-31,127869000.0,100000.0,1278.69,1278.19
2016-11-01,127768000.0,100000.0,1277.68,1277.18
2016-11-02,129093000.0,100000.0,1290.93,1290.43
2016-11-03,129968000.0,100000.0,1299.68,1299.18
2016-11-04,130345000.0,100000.0,1303.45,1302.95
2016-11-07,129552000.0,100000.0,1295.52,1295.02
2016-11-08,129552000.0,100000.0,1295.52,1295.02
2016-11-09,130891000.0,100000.0,1308.91,1308.41
2016-11-10,128676000.0,100000.0,1286.76,1286.26
2016-11-14,121885000.0,100000.0,1218.85,1218.35
2016-11-15,122801000.0,100000.0,1228.01,1227.51
2016-11-16,123008000.0,100000.0,1230.08,1229.58
2016-11-17,122824000.0,100000.0,1228.24,1227.74
2016-11-18,121339000.0,100000.0,1213.39,1212.89
2016-11-21,121236000.0,100000.0,1212.36,1211.86
2016-11-22,122010000.0,100000.0,1220.1,1219.6
2016-11-23,121469000.0,100000.0,1214.69,1214.19
2016-11-24,118478000.0,100000.0,1184.78,1184.28
2016-11-25,117715000.0,100000.0,1177.15,1176.65
2016-11-28,119574000.0,100000.0,1195.74,1195.24
2016-11-29,119410000.0,100000.0,1194.1,1193.6
2016-11-30,119355000.0,100000.0,1193.55,1193.05
2016-12-01,117385000.0,100000.0,1173.85,1173.35
2016-12-02,117505000.0,100000.0,1175.05,1174.55
2016-12-05,1173770000.0,1000000.0,1173.77,117.327
2016-12-06,117414000.0,100000.0,1174.14,1173.64
2016-12-07,116975000.0,100000.0,1169.75,1169.25
2016-12-08,117649000.0,100000.0,1176.49,1175.99
2016-12-09,116829000.0,100000.0,1168.29,1167.72
2016-12-12,115672000.0,100000.0,1156.72,1156.22
2016-12-13,116318000.0,100000.0,1163.18,1162.68
2016-12-14,116093000.0,100000.0,1160.93,1160.43
2016-12-15,114239000.0,100000.0,1142.39,1141.89
2016-12-16,112998000.0,100000.0,1129.98,1129.48
2016-12-19,113906000.0,100000.0,1139.06,1138.56
2016-12-20,113784000.0,100000.0,1137.84,1137.34
2016-12-21,113243000.0,100000.0,1132.43,1131.93
2016-12-22,11316000.0,10000.0,1131.6,11311.0
2016-12-23,112915000.0,100000.0,1129.15,1128.65
2016-12-26,113253000.0,100000.0,1132.53,1132.03
2016-12-27,113253000.0,100000.0,1132.53,1132.03
2016-12-28,114091000.0,100000.0,1140.91,1140.41
2016-12-29,114835000.0,100000.0,1148.35,1147.85
2016-12-30,116193000.0,100000.0,1161.93,1161.43
2016-12-31,115067000.0,100000.0,1150.67,1150.17
2017-01-01,115067000.0,100000.0,1150.67,1150.17
2017-01-02,115067000.0,100000.0,1150.67,1150.17
2017-01-03,115075000.0,100000.0,1150.75,1150.25
2017-01-04,115725000.0,100000.0,1157.25,1157.29
2017-01-05,116873000.0,100000.0,1168.73,1168.23
2017-01-06,117937000.0,100000.0,1179.37,1178.87
2017-01-07,117331000.0,100000.0,1173.31,1172.81
2017-01-08,117331000.0,100000.0,1173.31,1172.81
2017-01-09,117346000.0,100000.0,1173.46,1172.92
2017-01-10,118288000.0,100000.0,1182.88,1182.38
2017-01-11,118867000.0,100000.0,1188.67,1188.17
2017-01-12,119391000.0,100000.0,1193.91,1193.41
2017-01-13,119689000.0,100000.0,1196.89,1196.39
2017-01-15,119861000.0,100000.0,1198.61,1198.11
2017-01-16,12033000.0,10000.0,1203.3,12028.0
2017-01-17,120382000.0,100000.0,1203.82,1203.32
2017-01-18,121587000.0,100000.0,1215.87,1215.37
2017-01-19,120338000.0,100000.0,1203.38,1202.88
2017-01-20,120441000.0,100000.0,1204.41,1203.91
2017-01-21,12078000.0,10000.0,1207.8,12073.0
2017-01-22,12078000.0,10000.0,1207.8,12073.0
2017-01-23,121585000.0,100000.0,1215.85,1215.35
2017-01-24,121766000.0,100000.0,1217.66,1217.16
2017-01-25,120931000.0,100000.0,1209.31,1208.81
2017-01-26,120104000.0,100000.0,1201.04,1201.02
2017-01-27,118815000.0,100000.0,1188.15,1187.65
2017-01-28,11912000.0,10000.0,1191.2,11907.0
2017-01-29,11912000.0,10000.0,1191.2,11907.0
2017-01-30,119464000.0,100000.0,1194.64,1194.14
2017-01-31,11973000.0,10000.0,1197.3,11968.0
2017-02-01,121096000.0,100000.0,1210.96,1210.46
2017-02-02,121093000.0,100000.0,1210.93,1210.43
2017-02-03,121524000.0,100000.0,1215.24,1214.74
2017-02-04,121929000.0,100000.0,1219.29,1218.79
2017-02-05,121929000.0,100000.0,1219.29,1218.79
2017-02-06,122045000.0,100000.0,1220.45,1219.95
2017-02-07,123427000.0,100000.0,1234.27,1233.77
2017-02-08,123169000.0,100000.0,1231.69,1231.19
2017-02-09,1240000.0,1000.0,1240.0,123950.0
2017-02-10,122395000.0,100000.0,1223.95,1223.45
2017-02-11,123435000.0,100000.0,1234.35,1233.85
2017-02-12,123435000.0,100000.0,1234.35,1233.85
2017-02-13,123162000.0,100000.0,1231.62,1231.12
2017-02-14,12265000.0,10000.0,1226.5,12260.0
2017-02-15,122641000.0,100000.0,1226.41,1225.91
2017-02-16,123567000.0,100000.0,1235.67,1235.17
2017-02-17,123803000.0,100000.0,1238.03,1237.53
2017-02-18,123595000.0,100000.0,1235.95,1235.45
2017-02-19,123595000.0,100000.0,1235.95,1235.45
2017-02-20,123519000.0,100000.0,1235.19,1234.69
2017-02-21,123458000.0,100000.0,1234.58,1234.08
2017-02-22,123661000.0,100000.0,1236.61,1236.11
2017-02-23,12378000.0,10000.0,1237.8,12373.0
2017-02-24,124853000.0,100000.0,1248.53,1248.03
2017-02-25,125703000.0,100000.0,1257.03,1256.53
2017-02-26,125703000.0,100000.0,1257.03,1256.53
2017-02-27,125803000.0,100000.0,1258.03,1257.53
2017-02-28,125329000.0,100000.0,1253.29,1252.74
2017-03-01,124395000.0,100000.0,1243.95,1243.45
2017-03-02,124784000.0,100000.0,1247.84,1247.34
2017-03-03,123333000.0,100000.0,1233.33,1232.83
2017-03-04,123385000.0,100000.0,1233.85,1233.35
2017-03-05,123457000.0,100000.0,1234.57,1234.07
2017-03-06,123427000.0,100000.0,1234.27,1233.77
2017-03-07,122553000.0,100000.0,1225.53,1225.03
2017-03-08,121824000.0,100000.0,1218.24,1217.74
2017-03-09,120874000.0,100000.0,1208.74,1208.24
2017-03-10,120036000.0,100000.0,1200.36,1199.86
2017-03-11,120463000.0,100000.0,1204.63,1204.13
2017-03-12,120463000.0,100000.0,1204.63,1204.13
2017-03-13,120515000.0,100000.0,1205.15,1204.65
2017-03-14,120316000.0,100000.0,1203.16,1202.66
2017-03-15,120125000.0,100000.0,1201.25,1200.75
2017-03-16,122502000.0,100000.0,1225.02,1224.52
2017-03-17,122624000.0,100000.0,1226.24,1225.74
2017-03-18,12291000.0,10000.0,1229.1,12286.0
2017-03-19,12291000.0,10000.0,1229.1,12286.0
2017-03-20,123267000.0,100000.0,1232.67,1232.17
2017-03-21,123284000.0,100000.0,1232.84,1232.34
2017-03-22,124466000.0,100000.0,1244.66,1244.16
2017-03-23,124737000.0,100000.0,1247.37,1246.87
2017-03-24,124445000.0,100000.0,1244.45,1244.14
2017-03-25,12483000.0,10000.0,1248.3,12478.0
2017-03-26,12483000.0,10000.0,1248.3,12478.0
2017-03-27,125692000.0,100000.0,1256.92,1256.42
2017-03-28,125535000.0,100000.0,1255.35,1254.85
2017-03-29,12487000.0,10000.0,1248.7,12482.0
2017-03-30,125153000.0,100000.0,1251.53,1251.0
2017-03-31,124186000.0,100000.0,1241.86,1241.36
2017-04-01,124765000.0,100000.0,1247.65,1247.15
2017-04-02,124765000.0,100000.0,1247.65,1247.15
2017-04-03,124882000.0,100000.0,1248.82,1248.32
2017-04-04,125224000.0,100000.0,1252.24,1251.74
2017-04-05,125224000.0,100000.0,1252.24,1251.74
2017-04-06,125844000.0,100000.0,1258.44,1257.85
2017-04-07,125224000.0,100000.0,1252.24,1251.74
2017-04-08,125498000.0,100000.0,1254.98,1254.48
2017-04-09,125498000.0,100000.0,1254.98,1254.48
2017-04-10,125272000.0,100000.0,1252.72,1252.22
2017-04-11,125385000.0,100000.0,1253.85,1253.35
2017-04-12,127767000.0,100000.0,1277.67,1277.17
2017-04-13,12872000.0,10000.0,1287.2,12868.0
2017-04-14,128784000.0,100000.0,1287.84,1287.34
2017-04-15,128784000.0,100000.0,1287.84,1287.34
2017-04-16,128784000.0,100000.0,1287.84,1287.34
2017-04-17,12918000.0,10000.0,1291.8,12913.0
2017-04-18,128479000.0,100000.0,1284.79,1284.31
2017-04-19,12879000.0,10000.0,1287.9,12873.5
2017-04-20,128063000.0,100000.0,1280.63,1280.13
2017-04-21,128149000.0,100000.0,1281.49,1280.99
2017-04-22,12852000.0,10000.0,1285.2,12847.0
2017-04-23,12852000.0,10000.0,1285.2,12847.0
2017-04-24,12852000.0,10000.0,1285.2,12847.0
2017-04-25,127575000.0,100000.0,1275.75,1275.25
2017-04-26,126465000.0,100000.0,1264.65,1264.15
2017-04-27,126675000.0,100000.0,1266.75,1266.25
2017-04-28,126463000.0,100000.0,1264.63,1264.13
2017-04-29,126827000.0,100000.0,1268.27,1268.27
2017-04-30,126877000.0,100000.0,1268.77,1268.27
2017-05-01,12679000.0,10000.0,1267.9,12674.0
2017-05-02,125742000.0,100000.0,1257.42,1256.92
2017-05-03,1257000.0,1000.0,1257.0,125650.0
2017-05-04,124109000.0,100000.0,1241.09,1240.8
2017-05-05,122853000.0,100000.0,1228.53,1228.03
2017-05-06,122974000.0,100000.0,1229.74,1229.24
2017-05-07,122974000.0,100000.0,1229.74,1229.24
2017-05-08,123176000.0,100000.0,1231.76,1231.26
2017-05-09,12276000.0,10000.0,1227.6,12271.0
2017-05-10,122136000.0,100000.0,1221.36,1221.08
2017-05-11,121899000.0,100000.0,1218.99,1218.49
2017-05-12,122505000.0,100000.0,1225.05,1224.55
2017-05-13,122812000.0,100000.0,1228.12,1227.62
2017-05-14,122812000.0,100000.0,1228.12,1227.62
2017-05-15,122806000.0,100000.0,1228.06,1227.69
2017-05-16,12326000.0,10000.0,1232.6,12321.0
2017-05-17,124197000.0,100000.0,1241.97,1241.47
2017-05-18,126233000.0,100000.0,1262.33,1261.83
2017-05-19,124881000.0,100000.0,1248.81,1248.31
2017-05-20,125531000.0,100000.0,1255.31,1254.81
2017-05-22,125588000.0,100000.0,1255.88,1255.38
2017-05-23,126218000.0,100000.0,1262.18,1261.68
2017-05-24,124952000.0,100000.0,1249.52,1249.02
2017-05-25,125812000.0,100000.0,1258.12,1257.62
2017-05-26,125486000.0,100000.0,1254.86,1254.36
2017-05-27,126757000.0,100000.0,1267.57,1267.07
2017-05-28,126757000.0,100000.0,1267.57,1267.07
2017-05-29,126693000.0,100000.0,1266.93,1266.43
2017-05-30,126878000.0,100000.0,1268.78,1268.28
2017-05-31,126162000.0,100000.0,1261.62,1261.12
2017-06-01,126873000.0,100000.0,1268.73,1268.23
2017-06-02,126575000.0,100000.0,1265.75,1265.25
2017-06-03,127843000.0,100000.0,1278.43,1277.93
2017-06-04,127843000.0,100000.0,1278.43,1277.93
2017-06-05,128191000.0,100000.0,1281.91,1281.41
2017-06-06,128194000.0,100000.0,1281.94,1281.44
2017-06-07,129364000.0,100000.0,1293.64,1293.14
2017-06-08,128608000.0,100000.0,1286.08,1285.58
2017-06-09,12749000.0,10000.0,1274.9,12744.0
2017-06-10,126758000.0,100000.0,1267.58,1267.08
2017-06-11,126758000.0,100000.0,1267.58,1267.08
2017-06-12,126758000.0,100000.0,1267.58,1267.08
2017-06-13,126441000.0,100000.0,1264.41,1263.91
2017-06-14,126742000.0,100000.0,1267.42,1266.92
2017-06-15,126638000.0,100000.0,1266.38,1265.88
2017-06-16,125477000.0,100000.0,1254.77,1254.27
2017-06-17,125441000.0,100000.0,1254.41,1253.91
2017-06-18,125441000.0,100000.0,1254.41,1253.91
2017-06-19,125302000.0,100000.0,1253.02,1252.52
2017-06-20,124469000.0,100000.0,1244.69,1244.19
2017-06-21,124547000.0,100000.0,1245.47,1244.97
2017-06-22,125194000.0,100000.0,1251.94,1251.44
2017-06-23,12505000.0,10000.0,1250.5,12500.0
2017-06-24,125624000.0,100000.0,1256.24,1255.74
2017-06-25,125624000.0,100000.0,1256.24,1255.74
2017-06-26,125541000.0,100000.0,1255.41,1254.91
2017-06-27,124211000.0,100000.0,1242.11,1241.85
2017-06-28,124951000.0,100000.0,1249.51,1249.01
2017-06-29,125042000.0,100000.0,1250.42,1249.92
2017-06-30,124492000.0,100000.0,1244.92,1244.52
2017-07-01,124172000.0,100000.0,1241.72,1241.22
2017-07-02,124172000.0,100000.0,1241.72,1241.22
2017-07-03,123977000.0,100000.0,1239.77,1239.27
2017-07-04,122447000.0,100000.0,1224.47,1223.97
2017-07-05,122753000.0,100000.0,1227.53,1227.03
2017-07-06,122731000.0,100000.0,1227.31,1226.81
2017-07-07,122187000.0,100000.0,1221.87,1221.37
2017-07-08,121256000.0,100000.0,1212.56,1212.06
2017-07-09,121256000.0,100000.0,1212.56,1212.06
2017-07-10,121255000.0,100000.0,1212.55,1213.12
2017-07-11,121262000.0,100000.0,1212.62,1212.12
2017-07-12,121945000.0,100000.0,1219.45,1218.95
2017-07-13,122192000.0,100000.0,1221.92,1221.42
2017-07-14,121657000.0,100000.0,1216.57,1216.07
2017-07-15,122858000.0,100000.0,1228.58,1228.08
2017-07-16,122858000.0,100000.0,1228.58,1228.08
2017-07-17,123195000.0,100000.0,1231.95,1231.45
2017-07-18,123731000.0,100000.0,1237.31,1236.81
2017-07-19,12416000.0,10000.0,1241.6,12410.0
2017-07-20,124078000.0,100000.0,1240.78,1240.28
2017-07-21,124493000.0,100000.0,1244.93,1244.43
2017-07-22,1254600000.0,1000000.0,1254.6,1254.1
2017-07-23,1254100000.0,1000000.0,1254.1,1254.1
2017-07-24,1254930000.0,1000000.0,1254.93,1254.43
2017-07-25,1253740000.0,1000000.0,1253.74,1253.24
2017-07-26,1248540000.0,1000000.0,1248.54,1248.04
2017-07-27,1262330000.0,1000000.0,1262.33,1261.83
2017-07-28,1259600000.0,1000000.0,1259.6,1259.1
2017-07-29,1269650000.0,1000000.0,1269.65,1269.15
2017-07-30,1269150000.0,1000000.0,1269.15,1269.15
2017-07-31,1268880000.0,1000000.0,1268.88,1268.38
2017-08-01,1268370000.0,1000000.0,1268.37,1267.87
2017-08-02,1267440000.0,1000000.0,1267.44,1266.94
2017-08-03,1264100000.0,1000000.0,1264.1,1263.51
2017-08-04,1268590000.0,1000000.0,1268.59,1268.09
2017-08-05,1258900000.0,1000000.0,1258.9,1258.4
2017-08-06,1258900000.0,1000000.0,1258.9,1258.4
2017-08-07,1258460000.0,1000000.0,1258.46,1257.96
2017-08-08,1258900000.0,1000000.0,1258.9,1258.4
2017-08-09,1264320000.0,1000000.0,1264.32,1263.82
2017-08-10,1275900000.0,1000000.0,1275.9,1275.4
2017-08-11,1285540000.0,1000000.0,1285.54,1285.15
2017-08-12,1291460000.0,1000000.0,1291.46,1290.96
2017-08-13,1291460000.0,1000000.0,1291.46,1290.96
2017-08-14,1287020000.0,1000000.0,1287.02,1286.52
2017-08-15,1276050000.0,1000000.0,1276.05,1275.65
2017-08-16,1273150000.0,1000000.0,1273.15,1272.37
2017-08-17,1288310000.0,1000000.0,1288.31,1287.65
2017-08-18,1287290000.0,1000000.0,1287.29,1286.79
2017-08-19,1286770000.0,1000000.0,1286.77,1286.27
2017-08-20,1286770000.0,1000000.0,1286.77,1286.27
2017-08-21,1285360000.0,1000000.0,1285.36,1284.86
2017-08-22,1288210000.0,1000000.0,1288.21,1287.71
2017-08-23,128402000.0,100000.0,1284.02,1283.52
2017-08-24,1288890000.0,1000000.0,1288.89,1288.39
2017-08-25,1286440000.0,1000000.0,1286.44,1285.94
2017-08-26,1291530000.0,1000000.0,1291.53,1291.03
2017-08-27,1291530000.0,1000000.0,1291.53,1291.03
2017-08-28,1294420000.0,1000000.0,1294.42,1293.92
2017-08-29,1317930000.0,1000000.0,1317.93,1317.43
2017-08-30,1308660000.0,1000000.0,1308.66,1308.48
2017-08-31,1302600000.0,1000000.0,1302.6,1302.09
2017-09-01,1320020000.0,1000000.0,1320.02,1319.73
2017-09-02,1326450000.0,1000000.0,1326.45,1325.95
2017-09-03,1326450000.0,1000000.0,1326.45,1325.95
2017-09-04,1333030000.0,1000000.0,1333.03,1332.52
2017-09-05,1333270000.0,1000000.0,1333.27,1332.76
2017-09-06,1339530000.0,1000000.0,1339.53,1339.03
2017-09-07,1334070000.0,1000000.0,1334.07,1333.57
2017-09-08,1348710000.0,1000000.0,1348.71,1348.11
2017-09-09,1347070000.0,1000000.0,1347.07,1346.57
2017-09-10,1347070000.0,1000000.0,1347.07,1346.57
2017-09-11,1336890000.0,1000000.0,1336.89,1336.39
2017-09-12,1326040000.0,1000000.0,1326.04,1325.54
2017-09-13,1330480000.0,1000000.0,1330.48,1329.98
2017-09-14,1320610000.0,1000000.0,1320.61,1320.24
2017-09-15,1332120000.0,1000000.0,1332.12,1331.62
2017-09-16,1321200000.0,1000000.0,1321.2,1320.7
2017-09-17,1321200000.0,1000000.0,1321.2,1320.7
2017-09-18,1319100000.0,1000000.0,1319.1,1318.6
2017-09-19,1309340000.0,1000000.0,1309.34,1308.84
2017-09-20,1311630000.0,1000000.0,1311.63,1311.13
2017-09-21,1300070000.0,1000000.0,1300.07,1299.57
2017-09-22,1293850000.0,1000000.0,1293.85,1293.35
2017-09-23,1297230000.0,1000000.0,1297.23,1296.73
2017-09-24,1296730000.0,1000000.0,1296.73,1296.73
2017-09-25,1297230000.0,1000000.0,1297.23,1296.73
2017-09-26,1309860000.0,1000000.0,1309.86,1309.36
2017-09-27,1296360000.0,1000000.0,1296.36,1295.66
2017-09-28,1283790000.0,1000000.0,1283.79,1283.29
2017-09-29,1285210000.0,1000000.0,1285.21,1284.66
2017-09-30,1280490000.0,1000000.0,1280.49,1279.99
2017-10-01,1280490000.0,1000000.0,1280.49,1279.99
2017-10-02,1275340000.0,1000000.0,1275.34,1274.84
2017-10-03,1269740000.0,1000000.0,1269.74,1269.25
2017-10-04,1275330000.0,1000000.0,1275.33,1274.84
2017-10-05,1274880000.0,1000000.0,1274.88,1274.38
2017-10-06,1269570000.0,1000000.0,1269.57,1269.07
2017-10-07,1274960000.0,1000000.0,1274.96,1274.46
2017-10-08,1274960000.0,1000000.0,1274.96,1274.46
2017-10-09,1280360000.0,1000000.0,1280.36,1279.86
2017-10-10,1288210000.0,1000000.0,1288.21,1287.45
2017-10-11,1289080000.0,1000000.0,1289.08,1288.58
2017-10-12,1293110000.0,1000000.0,1293.11,1292.66
2017-10-13,1295210000.0,1000000.0,1295.21,1294.71
2017-10-14,1304050000.0,1000000.0,1304.05,1303.55
2017-10-15,1304050000.0,1000000.0,1304.05,1303.55
2017-10-16,1302980000.0,1000000.0,1302.98,1302.48
2017-10-17,1292990000.0,1000000.0,1292.99,1292.49
2017-10-18,1287830000.0,1000000.0,1287.83,1287.33
2017-10-19,1279700000.0,1000000.0,1279.7,1279.2
2017-10-20,1286130000.0,1000000.0,1286.13,1285.86
2017-10-21,1280380000.0,1000000.0,1280.38,1279.88
2017-10-22,1280380000.0,1000000.0,1280.38,1279.88
2017-10-23,1276030000.0,1000000.0,1276.03,1275.53
2017-10-24,1281270000.0,1000000.0,1281.27,1280.77
2017-10-25,1275890000.0,1000000.0,1275.89,1275.39
2017-10-26,1280870000.0,1000000.0,1280.87,1280.37
2017-10-27,1266770000.0,1000000.0,1266.77,1266.27
2017-10-28,1273310000.0,1000000.0,1273.31,1272.81
2017-10-29,1273310000.0,1000000.0,1273.31,1272.81
2017-10-30,1271540000.0,1000000.0,1271.54,1271.15
2017-10-31,1275970000.0,1000000.0,1275.97,1275.5
2017-11-01,1269010000.0,1000000.0,1269.01,1268.53
2017-11-02,1280230000.0,1000000.0,1280.23,1279.73
2017-11-03,1277770000.0,1000000.0,1277.77,1277.36
2017-11-04,1270210000.0,1000000.0,1270.21,1269.71
2017-11-05,1270210000.0,1000000.0,1270.21,1269.71
2017-11-06,1268530000.0,1000000.0,1268.53,1267.97
2017-11-07,1279030000.0,1000000.0,1279.03,1278.46
2017-11-08,1276980000.0,1000000.0,1276.98,1276.48
2017-11-09,1281270000.0,1000000.0,1281.27,1280.77
2017-11-10,1286210000.0,1000000.0,1286.21,1285.92
2017-11-11,1276080000.0,1000000.0,1276.08,1275.58
2017-11-12,1276080000.0,1000000.0,1276.08,1275.58
2017-11-13,1276300000.0,1000000.0,1276.3,1275.8
2017-11-14,1277500000.0,1000000.0,1277.5,1277.07
2017-11-15,1282970000.0,1000000.0,1282.97,1282.49
2017-11-16,1279430000.0,1000000.0,1279.43,1278.93
2017-11-17,1282840000.0,1000000.0,1282.84,1282.38
2017-11-18,1294040000.0,1000000.0,1294.04,1293.54
2017-11-19,1294040000.0,1000000.0,1294.04,1293.54
2017-11-20,1292170000.0,1000000.0,1292.17,1291.67
2017-11-21,1279870000.0,1000000.0,1279.87,1279.37
2017-11-22,1281250000.0,1000000.0,1281.25,1280.88
2017-11-23,1290510000.0,1000000.0,1290.51,1290.01
2017-11-24,1292600000.0,1000000.0,1292.6,1292.1
2017-11-25,1288860000.0,1000000.0,1288.86,1288.36
2017-11-26,1288860000.0,1000000.0,1288.86,1288.36
2017-11-27,1288650000.0,1000000.0,1288.65,1288.07
2017-11-28,1294390000.0,1000000.0,1294.39,1293.89
2017-11-29,1293650000.0,1000000.0,1293.65,1293.15
2017-11-30,1284740000.0,1000000.0,1284.74,1284.74
2017-12-01,1276740000.0,1000000.0,1276.74,1276.17
2017-12-02,1280950000.0,1000000.0,1280.95,1280.45
2017-12-03,1280950000.0,1000000.0,1280.95,1280.45
2017-12-04,1275790000.0,1000000.0,1275.79,1275.29
2017-12-05,1276230000.0,1000000.0,1276.23,1275.73
2017-12-06,1265990000.0,1000000.0,1265.99,1265.49
2017-12-07,1263860000.0,1000000.0,1263.86,1263.36
2017-12-08,1248510000.0,1000000.0,1248.51,1248.01
2017-12-09,1248280000.0,1000000.0,1248.28,1247.78
2017-12-10,1248280000.0,1000000.0,1248.28,1247.78
2017-12-11,1248230000.0,1000000.0,1248.23,1247.73
2017-12-12,1244660000.0,1000000.0,1244.66,1244.18
2017-12-13,1243000.0,1000.0,1243.0,1242500.0
2017-12-14,1259000.0,1000.0,1259.0,1258500.0
2017-12-15,1252790000.0,1000000.0,1252.79,1252.29
2017-12-16,1256040000.0,1000000.0,1256.04,1255.54
2017-12-17,1256040000.0,1000000.0,1256.04,1255.54
2017-12-18,1253600000.0,1000000.0,1253.6,1253.1
2017-12-19,1260790000.0,1000000.0,1260.79,1260.29
2017-12-20,1264410000.0,1000000.0,1264.41,1263.89
2017-12-21,1268190000.0,1000000.0,1268.19,1267.67
2017-12-22,1265790000.0,1000000.0,1265.79,1265.29
2017-12-23,1274360000.0,1000000.0,1274.36,1273.86
2017-12-24,1274360000.0,1000000.0,1274.36,1273.86
2017-12-25,1274360000.0,1000000.0,1274.36,1273.86
2017-12-26,1274360000.0,1000000.0,1274.36,1273.86
2017-12-27,1282640000.0,1000000.0,1282.64,1282.14
2017-12-28,1288130000.0,1000000.0,1288.13,1287.63
2017-12-29,1295680000.0,1000000.0,1295.68,1295.18
2017-12-30,1303630000.0,1000000.0,1303.63,1303.13
2017-12-31,1303630000.0,1000000.0,1303.63,1303.13
2018-01-01,1303630000.0,1000000.0,1303.63,1303.13
2018-01-02,1303630000.0,1000000.0,1303.63,1303.13
2018-01-03,1318160000.0,1000000.0,1318.16,1317.38
2018-01-04,1307370000.0,1000000.0,1307.37,1306.87
2018-01-05,1323080000.0,1000000.0,1323.08,1322.58
2018-01-06,1320700000.0,1000000.0,1320.7,1320.2
2018-01-07,1320700000.0,1000000.0,1320.7,1320.2
2018-01-08,1320700000.0,1000000.0,1320.7,1320.2
2018-01-09,1318500000.0,1000000.0,1318.5,1.318
2018-01-10,1311300000.0,1000000.0,1311.3,1310.8
2018-01-11,1318760000.0,1000000.0,1318.76,1318.26
2018-01-12,1323680000.0,1000000.0,1323.68,1323.18
2018-01-13,1338420000.0,1000000.0,1338.42,1337.92
2018-01-14,1338420000.0,1000000.0,1338.42,1337.92
2018-01-15,1339680000.0,1000000.0,1339.68,1339.18
2018-01-16,1340380000.0,1000000.0,1340.38,1339.8
2018-01-17,1342560000.0,1000000.0,1342.56,1342.06
2018-01-18,1324710000.0,1000000.0,1324.71,1324.21
2018-01-19,1330490000.0,1000000.0,1330.49,1329.99
2018-01-20,1332600000.0,1000000.0,1332.6,1332.1
2018-01-21,1332600000.0,1000000.0,1332.6,1332.1
2018-01-22,1332530000.0,1000000.0,1332.53,1332.03
2018-01-23,1336630000.0,1000000.0,1336.63,1336.13
2018-01-24,1341090000.0,1000000.0,1341.09,1340.59
2018-01-25,1358640000.0,1000000.0,1358.64,1358.14
2018-01-26,1353420000.0,1000000.0,1353.42,1352.92
2018-01-27,1349870000.0,1000000.0,1349.87,1349.37
2018-01-28,1349870000.0,1000000.0,1349.87,1349.37
2018-01-29,1348820000.0,1000000.0,1348.82,1348.32
2018-01-30,1339570000.0,1000000.0,1339.57,1339.05
2018-01-31,1338700000.0,1000000.0,1338.7,1338.14
2018-02-01,1342170000.0,1000000.0,1342.17,1342.17
2018-02-02,1348500000.0,1000000.0,1348.5,1348.03
2018-02-03,1332280000.0,1000000.0,1332.28,1331.78
2018-02-04,1332280000.0,1000000.0,1332.28,1331.78
2018-02-05,1330500000.0,1000000.0,1330.5,1.33
2018-02-06,1336440000.0,1000000.0,1336.44,1335.94
2018-02-07,1329290000.0,1000000.0,1329.29,1328.79
2018-02-08,1316500000.0,1000000.0,1316.5,1.316
2018-02-09,1320430000.0,1000000.0,1320.43,1319.93
2018-02-10,1315130000.0,1000000.0,1315.13,1314.63
2018-02-11,1315130000.0,1000000.0,1315.13,1314.63
2018-02-12,1324820000.0,1000000.0,1324.82,1324.32
2018-02-13,1322920000.0,1000000.0,1322.92,1322.42
2018-02-14,1332280000.0,1000000.0,1332.28,1331.78
2018-02-15,1353620000.0,1000000.0,1353.62,1353.21
2018-02-16,1356050000.0,1000000.0,1356.05,1355.59
2018-02-17,1349040000.0,1000000.0,1349.04,1348.54
2018-02-18,1349040000.0,1000000.0,1349.04,1348.54
2018-02-19,1341650000.0,1000000.0,1341.65,1341.15
2018-02-20,1341790000.0,1000000.0,1341.79,1341.33
2018-02-21,1329150000.0,1000000.0,1329.15,1328.65
2018-02-22,1325210000.0,1000000.0,1325.21,1324.71
2018-02-23,1329330000.0,1000000.0,1329.33,1328.83
2018-02-24,1329680000.0,1000000.0,1329.68,1329.18
2018-02-25,1329680000.0,1000000.0,1329.68,1329.18
2018-02-26,1330520000.0,1000000.0,1330.52,1329.79
2018-02-27,1335680000.0,1000000.0,1335.68,1334.84
2018-02-28,1318510000.0,1000000.0,1318.51,1318.01
2018-03-01,1316010000.0,1000000.0,1316.01,1315.2
2018-03-02,1317320000.0,1000000.0,1317.32,1316.82
2018-03-03,1322260000.0,1000000.0,1322.26,1321.76
2018-03-04,1322260000.0,1000000.0,1322.26,1321.76
2018-03-05,1326150000.0,1000000.0,1326.15,1325.65
2018-03-06,1323080000.0,1000000.0,1323.08,1322.58
2018-03-07,1335880000.0,1000000.0,1335.88,1334.89
2018-03-08,1326150000.0,1000000.0,1326.15,1325.65
2018-03-09,1317270000.0,1000000.0,1317.27,1316.77
2018-03-10,1323680000.0,1000000.0,1323.68,1323.18
2018-03-11,1323680000.0,1000000.0,1323.68,1323.18
2018-03-12,1323100000.0,1000000.0,1323.1,1322.6
2018-03-13,1324250000.0,1000000.0,1324.25,1323.75
2018-03-14,1325530000.0,1000000.0,1325.53,1325.03
2018-03-15,1327630000.0,1000000.0,1327.63,1327.13
2018-03-16,1315310000.0,1000000.0,1315.31,1314.74
2018-03-17,1314110000.0,1000000.0,1314.11,1313.61
2018-03-18,1314110000.0,1000000.0,1314.11,1313.61
2018-03-19,1311330000.0,1000000.0,1311.33,1310.83
2018-03-20,1316590000.0,1000000.0,1316.59,1316.09
2018-03-21,1312350000.0,1000000.0,1312.35,1311.85
2018-03-22,1332120000.0,1000000.0,1332.12,1331.62
2018-03-23,1337490000.0,1000000.0,1337.49,1336.99
2018-03-24,1345980000.0,1000000.0,1345.98,1345.48
2018-03-25,1345980000.0,1000000.0,1345.98,1345.48
2018-03-26,1347770000.0,1000000.0,1347.77,1347.27
2018-03-27,1352840000.0,1000000.0,1352.84,1352.34
2018-03-28,1346790000.0,1000000.0,1346.79,1346.29
2018-03-29,1328070000.0,1000000.0,1328.07,1327.57
2018-03-30,1325580000.0,1000000.0,1325.58,1325.08
2018-03-31,1325580000.0,1000000.0,1325.58,1325.08
2018-04-01,1325580000.0,1000000.0,1325.58,1325.08
2018-04-02,1330210000.0,1000000.0,1330.21,1329.74
2018-04-03,1339130000.0,1000000.0,1339.13,1338.63
2018-04-04,1332930000.0,1000000.0,1332.93,1332.43
2018-04-05,1330540000.0,1000000.0,1330.54,1330.04
2018-04-06,1332310000.0,1000000.0,1332.31,1331.81
2018-04-07,1333510000.0,1000000.0,1333.51,1333.01
2018-04-08,1333510000.0,1000000.0,1333.51,1333.01
2018-04-09,1332670000.0,1000000.0,1332.67,1332.17
2018-04-10,1335940000.0,1000000.0,1335.94,1335.44
2018-04-11,1340400000.0,1000000.0,1340.4,1339.77
2018-04-12,1353280000.0,1000000.0,1353.28,1352.78
2018-04-13,1338880000.0,1000000.0,1338.88,1338.4
2018-04-14,1344800000.0,1000000.0,1344.8,1344.3
2018-04-15,1344800000.0,1000000.0,1344.8,1344.3
2018-04-16,1347200000.0,1000000.0,1347.2,1346.7
2018-04-17,1348740000.0,1000000.0,1348.74,1348.25
2018-04-18,1344900000.0,1000000.0,1344.9,1344.4
2018-04-19,1348470000.0,1000000.0,1348.47,1347.97
2018-04-20,1342670000.0,1000000.0,1342.67,1342.25
2018-04-21,1335920000.0,1000000.0,1335.92,1335.42
2018-04-22,1335920000.0,1000000.0,1335.92,1335.42
2018-04-23,1334150000.0,1000000.0,1334.15,1333.74
2018-04-24,1325110000.0,1000000.0,1325.11,1324.62
2018-04-25,1329260000.0,1000000.0,1329.26,1328.77
2018-04-26,1323920000.0,1000000.0,1323.92,1323.42
2018-04-27,1316780000.0,1000000.0,1316.78,1316.28
2018-04-28,1324010000.0,1000000.0,1324.01,1323.51
2018-04-29,1324010000.0,1000000.0,1324.01,1323.51
2018-04-30,1324710000.0,1000000.0,1324.71,1324.2
2018-05-01,1324710000.0,1000000.0,1324.71,1324.2
2018-05-02,1307430000.0,1000000.0,1307.43,1306.93
2018-05-03,1310200000.0,1000000.0,1310.2,1309.66
2018-05-04,1312950000.0,1000000.0,1312.95,1312.45
2018-05-05,1314330000.0,1000000.0,1314.33,1313.83
2018-05-06,1314330000.0,1000000.0,1314.33,1313.83
2018-05-07,1318680000.0,1000000.0,1318.68,1318.18
2018-05-08,1313500000.0,1000000.0,1313.5,1312.9
2018-05-09,1311890000.0,1000000.0,1311.89,1311.39
2018-05-10,1313670000.0,1000000.0,1313.67,1313.17
2018-05-11,1320960000.0,1000000.0,1320.96,1320.46
2018-05-12,1319430000.0,1000000.0,1319.43,1318.93
2018-05-13,1319430000.0,1000000.0,1319.43,1318.93
2018-05-14,1321710000.0,1000000.0,1321.71,1321.21
2018-05-15,1313940000.0,1000000.0,1313.94,1313.94
2018-05-16,1292340000.0,1000000.0,1292.34,1291.87
2018-05-17,1292590000.0,1000000.0,1292.59,1292.08
2018-05-18,1288730000.0,1000000.0,1288.73,1288.15
2018-05-19,1292840000.0,1000000.0,1292.84,1292.34
2018-05-20,1292840000.0,1000000.0,1292.84,1292.34
2018-05-21,1290720000.0,1000000.0,1290.72,1290.22
2018-05-22,1291710000.0,1000000.0,1291.71,1291.21
2018-05-23,1292630000.0,1000000.0,1292.63,1292.13
2018-05-24,1294510000.0,1000000.0,1294.51,1294.01
2018-05-25,1302370000.0,1000000.0,1302.37,1301.93
2018-05-26,1300740000.0,1000000.0,1300.74,1300.24
2018-05-27,1300740000.0,1000000.0,1300.74,1300.24
2018-05-28,1297800000.0,1000000.0,1297.8,1297.3
2018-05-29,1299710000.0,1000000.0,1299.71,1299.13
2018-05-30,1298160000.0,1000000.0,1298.16,1297.66
2018-05-31,1301610000.0,1000000.0,1301.61,1301.11
2018-06-01,1298590000.0,1000000.0,1298.59,1298.09
2018-06-02,1293400000.0,1000000.0,1293.4,1292.9
2018-06-03,1293400000.0,1000000.0,1293.4,1292.9
2018-06-04,1293650000.0,1000000.0,1293.65,1293.16
2018-06-05,1291770000.0,1000000.0,1291.77,1291.39
2018-06-06,1298400000.0,1000000.0,1298.4,1297.9
2018-06-07,1297420000.0,1000000.0,1297.42,1296.92
2018-06-08,1297420000.0,1000000.0,1297.42,1296.92
2018-06-09,1298770000.0,1000000.0,1298.77,1298.27
2018-09-23,1199270000.0,1000000.0,1199.27,1198.77
2018-09-24,1197540000.0,1000000.0,1197.54,1197.08
2018-11-03,1233210000.0,1000000.0,1233.21,1232.71
2018-11-04,1233210000.0,1000000.0,1233.21,1232.71
2018-11-05,1232980000.0,1000000.0,1232.98,1232.51
2018-11-06,1231160000.0,1000000.0,1231.16,1230.66
2018-11-07,1226050000.0,1000000.0,1226.05,1226.05
2018-11-08,1226360000.0,1000000.0,1226.36,1225.85
2018-11-09,1222150000.0,1000000.0,1222.15,1221.65
2018-11-10,1210240000.0,1000000.0,1210.24,1209.74
2018-11-11,1210240000.0,1000000.0,1210.24,1209.74
2018-11-12,1211010000.0,1000000.0,1211.01,1210.48
2018-11-13,1203910000.0,1000000.0,1203.91,1203.4
2018-11-14,1202770000.0,1000000.0,1202.77,1202.27
2018-11-15,1208850000.0,1000000.0,1208.85,1208.35
2018-11-16,1216020000.0,1000000.0,1216.02,1215.54
2018-11-17,1222180000.0,1000000.0,1222.18,1221.68
2018-11-18,1222180000.0,1000000.0,1222.18,1221.68
2018-11-19,1222800000.0,1000000.0,1222.8,1222.3
2018-11-20,1222130000.0,1000000.0,1222.13,1221.63
2018-11-21,1220970000.0,1000000.0,1220.97,1220.47
2018-11-22,1226640000.0,1000000.0,1226.64,1226.14
2018-11-23,1227820000.0,1000000.0,1227.82,1227.32
2018-11-24,1223360000.0,1000000.0,1223.36,1222.86
2018-11-25,1223360000.0,1000000.0,1223.36,1222.86
2018-11-26,1222920000.0,1000000.0,1222.92,1222.52
2018-11-27,1222130000.0,1000000.0,1222.13,1221.61
2018-11-28,1215020000.0,1000000.0,1215.02,1214.52
2018-11-29,1222300000.0,1000000.0,1222.3,1221.77
2018-11-30,1224170000.0,1000000.0,1224.17,1223.68
2018-12-01,1222200000.0,1000000.0,1222.2,1221.7
2018-12-02,1222200000.0,1000000.0,1222.2,1221.7
2018-12-03,1223820000.0,1000000.0,1223.82,1223.09
2018-12-04,1234410000.0,1000000.0,1234.41,1233.91
2018-12-05,1236370000.0,1000000.0,1236.37,1235.86
2018-12-06,1240100000.0,1000000.0,1240.1,1239.63
2018-12-07,1239550000.0,1000000.0,1239.55,1239.05
2018-12-08,1248740000.0,1000000.0,1248.74,1248.24
2018-12-09,1248740000.0,1000000.0,1248.74,1248.24
2018-12-10,1249290000.0,1000000.0,1249.29,1248.87
2018-12-11,1246070000.0,1000000.0,1246.07,1245.57
2018-12-12,1245920000.0,1000000.0,1245.92,1245.42
2018-12-13,1244760000.0,1000000.0,1244.76,1244.46
2018-12-14,1242580000.0,1000000.0,1242.58,1242.08
2018-12-15,1238700000.0,1000000.0,1238.7,1238.2
2018-12-16,1238700000.0,1000000.0,1238.7,1238.2
2018-12-17,1238240000.0,1000000.0,1238.24,1237.74
2018-12-18,1247540000.0,1000000.0,1247.54,1247.04
2018-12-19,1249740000.0,1000000.0,1249.74,1249.24
2018-12-20,1243650000.0,1000000.0,1243.65,1243.15
2018-12-21,1261210000.0,1000000.0,1261.21,1260.71
2018-12-22,1255800000.0,1000000.0,1255.8,1255.3
2018-12-23,1255800000.0,1000000.0,1255.8,1255.3
2018-12-24,1260730000.0,1000000.0,1260.73,1260.23
2018-12-25,1269340000.0,1000000.0,1269.34,1268.84
2018-12-26,1269340000.0,1000000.0,1269.34,1268.84
2018-12-27,1271690000.0,1000000.0,1271.69,1271.09
2018-12-28,1277240000.0,1000000.0,1277.24,1276.74
2018-12-29,1280340000.0,1000000.0,1280.34,1279.84
2018-12-30,1280340000.0,1000000.0,1280.34,1279.84
2018-12-31,1279370000.0,1000000.0,1279.37,1278.89
2019-01-01,1282400000.0,1000000.0,1282.4,1281.9
2019-01-02,1282400000.0,1000000.0,1282.4,1281.9
2019-01-03,1287750000.0,1000000.0,1287.75,1287.23
2019-01-04,1298010000.0,1000000.0,1298.01,1297.51
2019-01-05,1285240000.0,1000000.0,1285.24,1284.74
2019-01-06,1285240000.0,1000000.0,1285.24,1284.74
2019-01-07,1287320000.0,1000000.0,1287.32,1286.82
2019-01-08,1289370000.0,1000000.0,1289.37,1288.87
2019-01-09,1286300000.0,1000000.0,1286.3,1285.8
2019-01-10,1293100000.0,1000000.0,1293.1,1292.42
2019-01-11,1288510000.0,1000000.0,1288.51,1288.01
2019-01-12,1288700000.0,1000000.0,1288.7,1288.2
2019-01-13,1288700000.0,1000000.0,1288.7,1288.2
2019-01-14,1290390000.0,1000000.0,1290.39,1289.89
2019-01-15,1291590000.0,1000000.0,1291.59,1291.08
2019-01-16,1290530000.0,1000000.0,1290.53,1290.09
2019-01-17,1294890000.0,1000000.0,1294.89,1294.51
2019-01-18,1291320000.0,1000000.0,1291.32,1291.32
2019-01-19,1281020000.0,1000000.0,1281.02,1280.52
2019-01-20,1281020000.0,1000000.0,1281.02,1280.52
2019-01-21,1282950000.0,1000000.0,1282.95,1282.45
2019-01-22,1279670000.0,1000000.0,1279.67,1279.17
2019-01-23,1284440000.0,1000000.0,1284.44,1283.94
2019-01-24,1284970000.0,1000000.0,1284.97,1284.47
2019-01-25,1280890000.0,1000000.0,1280.89,1280.38
2019-01-26,1299950000.0,1000000.0,1299.95,1299.45
2019-01-27,1299950000.0,1000000.0,1299.95,1299.45
2019-01-28,1302200000.0,1000000.0,1302.2,1301.79
2019-01-29,1303240000.0,1000000.0,1303.24,1302.74
2019-01-30,1313400000.0,1000000.0,1313.4,1312.9
2019-01-31,1318910000.0,1000000.0,1318.91,1318.41
2019-02-01,1319560000.0,1000000.0,1319.56,1319.06
2019-02-02,1318090000.0,1000000.0,1318.09,1317.59
2019-02-03,1318090000.0,1000000.0,1318.09,1317.59
2019-02-04,1315610000.0,1000000.0,1315.61,1315.11
2019-02-05,1313160000.0,1000000.0,1313.16,1312.72
2019-02-06,1313850000.0,1000000.0,1313.85,1313.35
2019-02-07,1307450000.0,1000000.0,1307.45,1306.95
2019-02-08,1310060000.0,1000000.0,1310.06,1309.55
2019-02-09,1314690000.0,1000000.0,1314.69,1314.19
2019-02-10,1314690000.0,1000000.0,1314.69,1314.19
2019-02-11,1313950000.0,1000000.0,1313.95,1313.45
2019-02-12,1308730000.0,1000000.0,1308.73,1308.24
2019-02-13,1311720000.0,1000000.0,1311.72,1311.11
2019-02-14,1309460000.0,1000000.0,1309.46,1308.96
2019-02-15,1312840000.0,1000000.0,1312.84,1312.34
2019-02-16,1321300000.0,1000000.0,1321.3,1320.8
2019-02-17,1321300000.0,1000000.0,1321.3,1320.8
2019-02-18,1323800000.0,1000000.0,1323.8,1323.17
2019-02-19,1325240000.0,1000000.0,1325.24,1324.82
2019-02-20,1344010000.0,1000000.0,1344.01,1343.48
2019-02-21,1338630000.0,1000000.0,1338.63,1338.13
2019-02-22,1326100000.0,1000000.0,1326.1,1325.59
2019-02-23,1328720000.0,1000000.0,1328.72,1328.22
2019-02-24,1328720000.0,1000000.0,1328.72,1328.22
2019-02-25,1330180000.0,1000000.0,1330.18,1329.68
2019-02-26,1327680000.0,1000000.0,1327.68,1327.18
2019-02-27,1329190000.0,1000000.0,1329.19,1328.69
2019-02-28,1317760000.0,1000000.0,1317.76,1317.26
2019-03-01,1314970000.0,1000000.0,1314.97,1314.47
2019-03-02,1290630000.0,1000000.0,1290.63,1290.13
2019-03-03,1290630000.0,1000000.0,1290.63,1290.13
2019-03-04,1296500000.0,1000000.0,1296.5,1.296
2019-03-05,1286580000.0,1000000.0,1286.58,1286.08
2019-03-06,1287590000.0,1000000.0,1287.59,1287.09
2019-03-07,1288260000.0,1000000.0,1288.26,1287.76
2019-03-08,1286610000.0,1000000.0,1286.61,1286.17
2019-03-09,1300390000.0,1000000.0,1300.39,1299.89
2019-03-10,1300390000.0,1000000.0,1300.39,1299.89
2019-03-11,1297030000.0,1000000.0,1297.03,1296.53
2019-03-12,1295210000.0,1000000.0,1295.21,1294.71
2019-03-13,1304370000.0,1000000.0,1304.37,1303.95
2019-03-14,1307640000.0,1000000.0,1307.64,1307.14
2019-03-15,1295620000.0,1000000.0,1295.62,1295.12
2019-03-16,1302490000.0,1000000.0,1302.49,1301.99
2019-03-17,1302490000.0,1000000.0,1302.49,1301.99
2019-03-18,1299660000.0,1000000.0,1299.66,1299.16
2019-03-19,1305950000.0,1000000.0,1305.95,1305.46
2019-03-20,1304720000.0,1000000.0,1304.72,1304.22
2019-03-21,1318450000.0,1000000.0,1318.45,1317.98
2019-03-22,1309540000.0,1000000.0,1309.54,1309.02
2019-03-23,1312220000.0,1000000.0,1312.22,1311.72
2019-03-24,1312220000.0,1000000.0,1312.22,1311.72
2019-03-25,1315220000.0,1000000.0,1315.22,1314.72
2019-03-26,1321420000.0,1000000.0,1321.42,1320.92
2019-03-27,1318390000.0,1000000.0,1318.39,1317.9
2019-03-28,1308270000.0,1000000.0,1308.27,1307.77
2019-03-29,1292030000.0,1000000.0,1292.03,1291.94
2019-03-30,1292510000.0,1000000.0,1292.51,1292.01
2019-03-31,1292510000.0,1000000.0,1292.51,1292.01
2019-04-01,1293470000.0,1000000.0,1293.47,1292.97
2019-04-02,1287850000.0,1000000.0,1287.85,1287.35
2019-04-03,1292520000.0,1000000.0,1292.52,1292.03
2019-04-04,1292070000.0,1000000.0,1292.07,1291.57
2019-04-05,1291290000.0,1000000.0,1291.29,1290.78
2019-04-06,1292160000.0,1000000.0,1292.16,1291.66
2019-04-07,1292160000.0,1000000.0,1292.16,1291.66
2019-04-08,1295070000.0,1000000.0,1295.07,1294.45
2019-04-09,1299470000.0,1000000.0,1299.47,1298.97
2019-04-10,1303410000.0,1000000.0,1303.41,1302.99
2019-04-11,1308410000.0,1000000.0,1308.41,1307.98
2019-04-12,1293730000.0,1000000.0,1293.73,1293.73
2019-04-13,1290560000.0,1000000.0,1290.56,1290.12
2019-04-14,1290560000.0,1000000.0,1290.56,1290.12
2019-04-15,1288350000.0,1000000.0,1288.35,1287.91
2019-04-16,1286310000.0,1000000.0,1286.31,1285.87
2019-04-17,1277020000.0,1000000.0,1277.02,1277.02
2019-04-18,1276190000.0,1000000.0,1276.19,1275.75
2019-04-19,1275890000.0,1000000.0,1275.89,1275.45
2019-04-20,1275890000.0,1000000.0,1275.89,1275.45
2019-04-21,1275890000.0,1000000.0,1275.89,1275.45
2019-04-22,1278890000.0,1000000.0,1278.89,1278.45
2019-04-23,1276580000.0,1000000.0,1276.58,1276.18
2019-04-24,1270950000.0,1000000.0,1270.95,1270.51
2019-04-25,1274010000.0,1000000.0,1274.01,1273.57
2019-04-26,1279760000.0,1000000.0,1279.76,1279.32
2019-04-27,1285760000.0,1000000.0,1285.76,1285.32
2019-04-28,1285760000.0,1000000.0,1285.76,1285.32
2019-04-29,1285940000.0,1000000.0,1285.94,1285.45
2019-04-30,1282410000.0,1000000.0,1282.41,1281.98
2019-05-01,1282160000.0,1000000.0,1282.16,1281.72
2019-05-02,1275170000.0,1000000.0,1275.17,1274.73
2019-05-03,1271040000.0,1000000.0,1271.04,1270.6
2019-05-04,1278420000.0,1000000.0,1278.42,1277.98
2019-05-05,1278420000.0,1000000.0,1278.42,1277.98
2019-05-06,1284200000.0,1000000.0,1284.2,1283.57
2019-05-07,1282770000.0,1000000.0,1282.77,1282.4
2019-05-08,1286350000.0,1000000.0,1286.35,1285.91
2019-05-09,1281480000.0,1000000.0,1281.48,1281.05
2019-05-10,1285180000.0,1000000.0,1285.18,1284.74
2019-05-11,1286320000.0,1000000.0,1286.32,1285.88
2019-05-12,1286320000.0,1000000.0,1286.32,1285.88
2019-05-13,1286600000.0,1000000.0,1286.6,1286.32
2019-05-14,1300120000.0,1000000.0,1300.12,1299.68
2019-05-15,1297190000.0,1000000.0,1297.19,1296.75
2019-05-16,1296060000.0,1000000.0,1296.06,1295.62
2019-05-17,1286220000.0,1000000.0,1286.22,1285.78
2019-05-18,1278350000.0,1000000.0,1278.35,1277.91
2019-05-19,1278350000.0,1000000.0,1278.35,1277.91
2019-05-20,1277710000.0,1000000.0,1277.71,1277.27
2019-05-21,1276340000.0,1000000.0,1276.34,1275.9
2019-05-22,1274720000.0,1000000.0,1274.72,1274.28
2019-05-23,1274270000.0,1000000.0,1274.27,1273.83
2019-05-24,1282980000.0,1000000.0,1282.98,1282.7
2019-05-25,1285090000.0,1000000.0,1285.09,1284.65
2019-05-26,1285090000.0,1000000.0,1285.09,1284.65
2019-05-27,1286920000.0,1000000.0,1286.92,1286.48
2019-05-28,1283010000.0,1000000.0,1283.01,1282.57
2019-05-29,1280720000.0,1000000.0,1280.72,1280.28
2019-05-30,1278960000.0,1000000.0,1278.96,1278.56
2019-05-31,1292490000.0,1000000.0,1292.49,1292.05
2019-06-01,1306700000.0,1000000.0,1306.7,1306.26
2019-06-02,1306700000.0,1000000.0,1306.7,1306.26
2019-06-03,1311550000.0,1000000.0,1311.55,1311.11
2019-06-04,1325590000.0,1000000.0,1325.59,1325.58
2019-06-05,1326840000.0,1000000.0,1326.84,1326.4
2019-06-06,1329290000.0,1000000.0,1329.29,1328.85
2019-06-07,1333890000.0,1000000.0,1333.89,1333.45
2019-06-08,1341560000.0,1000000.0,1341.56,1341.12
2019-06-09,1341560000.0,1000000.0,1341.56,1341.12
2019-06-10,1330280000.0,1000000.0,1330.28,1329.84
2019-06-11,1329250000.0,1000000.0,1329.25,1328.81
2019-06-12,1327970000.0,1000000.0,1327.97,1327.53
2019-06-13,1334810000.0,1000000.0,1334.81,1334.37
2019-06-14,1343860000.0,1000000.0,1343.86,1343.42
2019-06-15,1341350000.0,1000000.0,1341.35,1340.91
2019-06-16,1341350000.0,1000000.0,1341.35,1340.91
2019-06-17,1341190000.0,1000000.0,1341.19,1340.75
2019-06-18,1341040000.0,1000000.0,1341.04,1340.6
2019-06-19,1343190000.0,1000000.0,1343.19,1342.75
2019-06-20,1382960000.0,1000000.0,1382.96,1382.52
2019-06-21,1403080000.0,1000000.0,1403.08,1402.64
2019-06-22,1399560000.0,1000000.0,1399.56,1399.12
2019-06-23,1399560000.0,1000000.0,1399.56,1399.12
2019-06-24,1407580000.0,1000000.0,1407.58,1407.14
2019-06-25,1425570000.0,1000000.0,1425.57,1424.65
2019-06-26,1414700000.0,1000000.0,1414.7,1414.26
2019-06-27,1410120000.0,1000000.0,1410.12,1409.68
2019-06-28,1421070000.0,1000000.0,1421.07,1420.63
2019-06-29,1411480000.0,1000000.0,1411.48,1411.04
2019-06-30,1411480000.0,1000000.0,1411.48,1411.04
2019-07-01,1394460000.0,1000000.0,1394.46,1394.02
2019-07-02,1390510000.0,1000000.0,1390.51,1390.07
2019-07-03,1433420000.0,1000000.0,1433.42,1432.98
2019-07-04,1419730000.0,1000000.0,1419.73,1419.29
2019-07-05,1419640000.0,1000000.0,1419.64,1419.2
2019-07-06,1401350000.0,1000000.0,1401.35,1400.91
2019-07-07,1401350000.0,1000000.0,1401.35,1400.91
2019-07-08,1396540000.0,1000000.0,1396.54,1396.1
2019-07-09,1393200000.0,1000000.0,1393.2,1392.76
2019-07-10,1393180000.0,1000000.0,1393.18,1392.74
2019-07-11,1423540000.0,1000000.0,1423.54,1423.1
2019-07-12,1408700000.0,1000000.0,1408.7,1408.26
2019-07-13,1415130000.0,1000000.0,1415.13,1414.69
2019-07-14,1415130000.0,1000000.0,1415.13,1414.69
2019-07-15,1412980000.0,1000000.0,1412.98,1412.54
2019-07-16,1413190000.0,1000000.0,1413.19,1412.75
2019-07-17,1406650000.0,1000000.0,1406.65,1406.21
2019-07-18,1426400000.0,1000000.0,1426.4,1425.96
2019-07-19,1443120000.0,1000000.0,1443.12,1442.68
2019-07-20,1425800000.0,1000000.0,1425.8,1425.36
2019-07-21,1425800000.0,1000000.0,1425.8,1425.36
2019-07-22,1423470000.0,1000000.0,1423.47,1423.03
2019-07-23,1417930000.0,1000000.0,1417.93,1417.49
2019-07-24,1420430000.0,1000000.0,1420.43,1419.99
2019-07-25,1422830000.0,1000000.0,1422.83,1422.54
2019-07-26,1417930000.0,1000000.0,1417.93,1417.49
2019-07-27,1416960000.0,1000000.0,1416.96,1416.52
2019-07-28,1416960000.0,1000000.0,1416.96,1416.52
2019-07-29,1423660000.0,1000000.0,1423.66,1423.16
2019-07-30,1423210000.0,1000000.0,1423.21,1422.77
2019-07-31,1429660000.0,1000000.0,1429.66,1429.22
2019-08-01,1410570000.0,1000000.0,1410.57,1410.54
2019-08-02,1432150000.0,1000000.0,1432.15,1431.35
2019-08-03,1440750000.0,1000000.0,1440.75,1440.75
2019-08-04,1441190000.0,1000000.0,1441.19,1440.75
2019-08-05,1452370000.0,1000000.0,1452.37,1452.36
2019-08-06,1466350000.0,1000000.0,1466.35,1465.82
2019-08-07,1487550000.0,1000000.0,1487.55,1487.11
2019-08-08,1498250000.0,1000000.0,1498.25,1497.81
2019-08-09,1502830000.0,1000000.0,1502.83,1502.39
2019-08-10,1498740000.0,1000000.0,1498.74,1498.3
2019-08-11,1498740000.0,1000000.0,1498.74,1498.3
2019-08-12,1496790000.0,1000000.0,1496.79,1496.35
2019-08-13,1516350000.0,1000000.0,1516.35,1515.91
2019-08-14,1496500000.0,1000000.0,1496.5,1496.48
2019-08-15,1521720000.0,1000000.0,1521.72,1521.28
2019-08-16,1523480000.0,1000000.0,1523.48,1523.04
2019-08-17,1514360000.0,1000000.0,1514.36,1513.92
2019-08-18,1514360000.0,1000000.0,1514.36,1513.92
2019-08-19,1506520000.0,1000000.0,1506.52,1506.08
2019-08-20,1498590000.0,1000000.0,1498.59,1498.08
2019-08-21,1504740000.0,1000000.0,1504.74,1504.3
2019-08-22,1501360000.0,1000000.0,1501.36,1501.15
2019-08-23,1495400000.0,1000000.0,1495.4,1494.91
2019-08-24,1528740000.0,1000000.0,1528.74,1528.3
2019-08-25,1528740000.0,1000000.0,1528.74,1528.3
2019-08-26,1545370000.0,1000000.0,1545.37,1544.93
2019-08-27,1528080000.0,1000000.0,1528.08,1528.08
2019-08-28,1542620000.0,1000000.0,1542.62,1542.18
2019-08-29,1542350000.0,1000000.0,1542.35,1541.91
2019-08-30,1525680000.0,1000000.0,1525.68,1525.24
2019-08-31,1524340000.0,1000000.0,1524.34,1523.9
2019-09-01,1524340000.0,1000000.0,1524.34,1523.9
2019-09-02,1524670000.0,1000000.0,1524.67,1524.23
2019-09-03,1525040000.0,1000000.0,1525.04,1524.6
2019-09-04,1547210000.0,1000000.0,1547.21,1546.77
2019-09-05,1543810000.0,1000000.0,1543.81,1543.37
2019-09-06,1519870000.0,1000000.0,1519.87,1519.43
2019-09-07,1505790000.0,1000000.0,1505.79,1505.35
2019-09-08,1505790000.0,1000000.0,1505.79,1505.35
2019-09-09,1509590000.0,1000000.0,1509.59,1509.51
2019-09-10,1489380000.0,1000000.0,1489.38,1488.99
2019-09-11,1492020000.0,1000000.0,1492.02,1491.58
2019-09-12,1493110000.0,1000000.0,1493.11,1492.91
2019-09-13,1497060000.0,1000000.0,1497.06,1496.62
2019-09-14,1487040000.0,1000000.0,1487.04,1486.6
2019-09-15,1487040000.0,1000000.0,1487.04,1486.6
2019-09-16,1506680000.0,1000000.0,1506.68,1506.24
2019-09-17,1498120000.0,1000000.0,1498.12,1498.32
2019-09-18,1501240000.0,1000000.0,1501.24,1500.88
2019-09-19,1492040000.0,1000000.0,1492.04,1491.66
2019-09-20,1502010000.0,1000000.0,1502.01,1501.63
2019-09-21,1516730000.0,1000000.0,1516.73,1516.35
2019-09-22,1516350000.0,1000000.0,1516.35,1516.35
2019-09-23,1515610000.0,1000000.0,1515.61,1515.31
2019-09-24,1520820000.0,1000000.0,1520.82,1520.27
2019-09-25,1531250000.0,1000000.0,1531.25,1531.25
2019-09-26,1509430000.0,1000000.0,1509.43,1509.05
2019-09-27,1506200000.0,1000000.0,1506.2,1505.82
2019-09-28,1496690000.0,1000000.0,1496.69,1496.31
2019-09-29,1496690000.0,1000000.0,1496.69,1496.31
2019-09-30,1494770000.0,1000000.0,1494.77,1494.38
2019-10-01,1470700000.0,1000000.0,1470.7,1470.32
2019-10-02,1479080000.0,1000000.0,1479.08,1478.85
2019-10-03,1501660000.0,1000000.0,1501.66,1501.28
2019-10-04,1509060000.0,1000000.0,1509.06,1508.7
2019-10-05,1505900000.0,1000000.0,1505.9,1505.52
2019-10-06,1505900000.0,1000000.0,1505.9,1505.52
2019-10-07,1508520000.0,1000000.0,1508.52,1508.14
2019-10-08,1492900000.0,1000000.0,1492.9,1492.52
2019-10-09,1506690000.0,1000000.0,1506.69,1506.25
2019-10-10,1506720000.0,1000000.0,1506.72,1506.34
2019-10-11,1496070000.0,1000000.0,1496.07,1495.69
2019-10-12,1486110000.0,1000000.0,1486.11,1485.73
2019-10-13,1486110000.0,1000000.0,1486.11,1485.73
2019-10-14,1486510000.0,1000000.0,1486.51,1486.1
2019-10-15,1486510000.0,1000000.0,1486.51,1486.1
2019-10-16,1482980000.0,1000000.0,1482.98,1482.6
2019-10-17,1488910000.0,1000000.0,1488.91,1488.53
2019-10-18,1492370000.0,1000000.0,1492.37,1491.76
2019-10-19,1491020000.0,1000000.0,1491.02,1490.64
2019-10-20,1491020000.0,1000000.0,1491.02,1490.64
2019-10-21,1490470000.0,1000000.0,1490.47,1490.14
2019-10-22,1490470000.0,1000000.0,1490.47,1490.14
2019-10-23,1488940000.0,1000000.0,1488.94,1488.56
2019-10-24,1493620000.0,1000000.0,1493.62,1493.19
2019-10-25,1502560000.0,1000000.0,1502.56,1502.18
2019-10-26,1505790000.0,1000000.0,1505.79,1505.41
2019-10-27,1505790000.0,1000000.0,1505.79,1505.41
2019-10-28,1506130000.0,1000000.0,1506.13,1505.75
2019-10-29,1491820000.0,1000000.0,1491.82,1491.52
2019-10-30,1489570000.0,1000000.0,1489.57,1489.19
2019-10-31,1499190000.0,1000000.0,1499.19,1498.81
2019-11-01,1512810000.0,1000000.0,1512.81,1512.43
2019-11-02,1514450000.0,1000000.0,1514.45,1514.07
2019-11-03,1514450000.0,1000000.0,1514.45,1514.07
2019-11-04,1512620000.0,1000000.0,1512.62,1512.24
2019-11-05,1507230000.0,1000000.0,1507.23,1506.85
2019-11-06,1486270000.0,1000000.0,1486.27,1485.89
2019-11-07,1491090000.0,1000000.0,1491.09,1490.71
2019-11-08,1467420000.0,1000000.0,1467.42,1467.04
2019-11-09,1458800000.0,1000000.0,1458.8,1458.42
2019-11-10,1458800000.0,1000000.0,1458.8,1458.42
2019-11-11,1458800000.0,1000000.0,1458.8,1458.42
